"product","thumbnail","price","brand","category","sub_category","rating","images","discription","finalprice","keywords","stock","productid","color","size","material","modelno","os","screen","des_subtitle","des_info","des_img","des2_subtitle","des2_info","des2_img","des3_subtitle","des3_info","des3_img","final price"
"casio watch","https://m.media-amazon.com/images/I/71D7Lbg-s-L._SX679_.jpg",3000,"Titan","watch","Watch",5,"[\"https://m.media-amazon.com/images/I/71j-zlnn+tL._SX679_.jpg\",\"https://m.media-amazon.com/images/I/61QXphGIvOL._SX679_.jpg\",\"https://m.media-amazon.com/images/I/71cz6A8P4DL._SX679_.jpg\",\"https://m.media-amazon.com/images/I/71vsK8jErJL._SX679_.jpg\",\"https://m.media-amazon.com/images/I/71D7Lbg-s-L._SX679_.jpg\"]","Titan brown belt with silver round dial men's wrist watch ",2500,"titan watch",0,"65bf9894d6c94d145dee1734",,,,,,,,,,,,,,,,
"Red tape white sneakers","https://rukminim2.flixcart.com/image/832/832/xif0q/shoe/i/l/y/8-rsl021-red-tape-white-black-original-imagw6whg3ewycqu.jpeg?q=70&crop=false",3000,"Red Tape","footwear","shoes",5,"[\"https://rukminim2.flixcart.com/image/832/832/xif0q/shoe/i/l/y/8-rsl021-red-tape-white-black-original-imagw6whg3ewycqu.jpeg?q=70&crop=false\",\"https://rukminim2.flixcart.com/image/832/832/xif0q/shoe/y/v/4/8-rsl021-red-tape-white-black-original-imagw6whee3fewh5.jpeg?q=70&crop=false\",\"https://rukminim2.flixcart.com/image/832/832/xif0q/shoe/s/p/r/8-rsl021-red-tape-white-black-original-imagw6wh4jtkcjv2.jpeg?q=70&crop=false\",\"https://rukminim2.flixcart.com/image/832/832/xif0q/shoe/i/l/y/8-rsl021-red-tape-white-black-original-imagw6whg3ewycqu.jpeg?q=70&crop=false\",\"https://m.media-amazon.com/images/I/815S3bYIj0L._SY695_.jpg\"]","Casual Sneaker Shoes for Men | Soft Cushioned Insole, Slip-Resistance Sneakers For Men  (White) ",2500,"Men's shoes white sneakers rade tape runnings kicks footwear",100,"65c0bd9982d003cca389944b",,,,,,,,,,,,,,,,
"Casion watch","https://www.casio.com/content/dam/casio/product-info/locales/us/en/timepiece/product/watch/A/A1/A15/A158WA-1/us-assets/A158WA-1_Seq1.png.transform/main-visual-pc/image.png",1500,"Casio","watch",,0,"[]",,1460,,100,"6633dd5169e81f599d5b4a65",,,,,,,,,,,,,,,,
"Tommy Hilfiger Women's Jaden","assets/img/product/2/prodcut-5.jpg",475,"Tommy Hilfiger","Bag",,3,"[\"[\\"http://dummyimage.com/154x100.png/cc0000/ffffff\\",\\"http://dummyimage.com/154x100.png/cc0000/ffffff\\"]\"]","Women hand bag ",340,,100,"65b0dc47a69c3e63dbe756f9",,,,,,,,,,,,,,,,
"redmi 12","https://imgs.search.brave.com/ZwpAlCBnu3Gn5WJlLctFPClJY4xrOemSBQQoBZ4P-Ik/rs:fit:500:0:0/g:ce/aHR0cHM6Ly9mZG4y/LmdzbWFyZW5hLmNv/bS92di9waWNzL3hp/YW9taS94aWFvbWkt/cmVkbWktOS1waW5r/LmpwZw",19990,"Redmi","smartphone",,0,"[\"https://imgs.search.brave.com/ZwpAlCBnu3Gn5WJlLctFPClJY4xrOemSBQQoBZ4P-Ik/rs:fit:500:0:0/g:ce/aHR0cHM6Ly9mZG4y/LmdzbWFyZW5hLmNv/bS92di9waWNzL3hp/YW9taS94aWFvbWkt/cmVkbWktOS1waW5r/LmpwZw,https://imgs.search.brave.com/ZwpAlCBnu3Gn5WJlLctFPClJY4xrOemSBQQoBZ4P-Ik/rs:fit:500:0:0/g:ce/aHR0cHM6Ly9mZG4y/LmdzbWFyZW5hLmNv/bS92di9waWNzL3hp/YW9taS94aWFvbWkt/cmVkbWktOS1waW5r/LmpwZw,https://imgs.search.brave.com/ZwpAlCBnu3Gn5WJlLctFPClJY4xrOemSBQQoBZ4P-Ik/rs:fit:500:0:0/g:ce/aHR0cHM6Ly9mZG4y/LmdzbWFyZW5hLmNv/bS92di9waWNzL3hp/YW9taS94aWFvbWkt/cmVkbWktOS1waW5r/LmpwZw\"]","",11999,,100,"6665dc541496afae880345b2",,,,,,,,,,,,,,,,
"Calvin Klein Gabrianna Novelty","assets/img/product/2/prodcut-4.jpg",475,"Wonder","Bag",,3,"[\"[\\"http://dummyimage.com/154x100.png/cc0000/ffffff\\",\\"http://dummyimage.com/154x100.png/cc0000/ffffff\\"]\"]","Women's Hand Bag",1000,,100,"65b0dc05a69c3e63dbe756f7",,,,,,,,,,,,,,,,
"Men's Leather Red Tape shoes","assets/img/product/2/prodcut-6.jpg",1200,"Red Tape","shoes",,3,"[\"[\\"http://dummyimage.com/154x100.png/cc0000/ffffff\\",\\"http://dummyimage.com/154x100.png/cc0000/ffffff\\"]\"]","Men's tan Shoes Red Tape",990,,100,"65b0dc9aa69c3e63dbe756fb",,,,,,,,,,,,,,,,
"full Sleeve Shirt Women's","assets/img/product/2/prodcut-10.jpg",475,"Whitetails","Shirt",,3,"[\"[\\"http://dummyimage.com/154x100.png/cc0000/ffffff\\",\\"http://dummyimage.com/154x100.png/cc0000/ffffff\\"]\"]","Wome's Pink Full Sleeve Shirt",429,,100,"65b0dd40a69c3e63dbe756ff",,,,,,,,,,,,,,,,
"Tommy Hilfiger Girls Jaden","assets/img/product/2/prodcut-12.jpg",3400,"Tommy Hilfiger","T-shirt",,5,"[\"[\\"http://dummyimage.com/154x100.png/cc0000/ffffff\\",\\"http://dummyimage.com/154x100.png/cc0000/ffffff\\"]\"]","Pink half sleeve t-shirt for women's",3199,,100,"65b0ddc4a69c3e63dbe75703",,,,,,,,,,,,,,,,
"tuf a 15","""https://imgs.search.brave.com/GuFxSn6KZy9eSMT6IhVucDkI_4WaOCfcm3RYFJdEo7s/rs:fit:500:0:0/g:ce/aHR0cHM6Ly90ZWV0/dXJ0bGUuY29tL2Nk/bi9zaG9wL2ZpbGVz/L2dvb2QtZGF5LXQt/c2hpcnQtdGVldHVy/dGxlLWZ1bGwuanBn/P3Y9MTcxMjE2MjU5/NiZ3aWR0aD01MzM""",50000,"random","T-shirts",,0,"[]",,,,100,"6633df3b69e81f599d5b4a86",,,,,,,,,,,,,,,,
" dumy","""https://imgs.search.brave.com/GuFxSn6KZy9eSMT6IhVucDkI_4WaOCfcm3RYFJdEo7s/rs:fit:500:0:0/g:ce/aHR0cHM6Ly90ZWV0/dXJ0bGUuY29tL2Nk/bi9zaG9wL2ZpbGVz/L2dvb2QtZGF5LXQt/c2hpcnQtdGVldHVy/dGxlLWZ1bGwuanBn/P3Y9MTcxMjE2MjU5/NiZ3aWR0aD01MzM""",50000,"dumy","T-shirt",,0,"[]",,,,100,"66544d24fcec1b4f724a43e4",,,,,,,,,,,,,,,,
"Samsung note 24 ultra ","https://m.media-amazon.com/images/I/81vxWpPpgNL._AC_UY327_FMwebp_QL65_.jpg",119000,"samsung","smartphone","smartphone",0,"[\"https://image-us.samsung.com/us/smartphones/galaxy-s24/all-gallery/01_E3_TitaniumGray_Lockup_1600x1200.jpg?$product-details-jpg$,https://image-us.samsung.com/SamsungUS/home/smartphones/galaxy-s24-ultra/gallery-images/FNL_Gallery_Ultra_800x600_Slide_Non_Exclusive_Colors_2.jpg?$product-details-jpg$\",\"https://m.media-amazon.com/images/I/71JLhofuYJL._SX679_.jpg\",\"https://m.media-amazon.com/images/I/71ZdFihN4YL._SX679_.jpghttps://m.media-amazon.com/images/I/71E-ptCgHcL._SX679_.jpg\",\"https://m.media-amazon.com/images/I/71h5+9-CgbL._SX679_.jpg\",\"https://m.media-amazon.com/images/S/aplus-media-library-service-media/fd1e6df5-5441-458b-a1e1-1014b3295558.__CR0,5,1464,600_PT0_SX1464_V1___.jpg\",\"\"]","samsung phone",139999,"",100,"666c82a6179f31446505867e","black","","","","","","First Ai Smart phone","Device turns on and screen works normally
Activation Locks are disabled, accounts are removed, and device is factory reset
Charging port works and battery holds a charge
Screen, body (front and back), and camera lens are free of cracks
The device is not on a banned list","https://image-us.samsung.com/us/smartphones/galaxy-s24/all-gallery/01_E3_TitaniumGray_Lockup_1600x1200.jpg?$product-details-jpg$","Experience the Power of  AI","Device turns on and screen works normally
Activation Locks are disabled, accounts are removed, and device is factory reset
Charging port works and battery holds a charge
Screen, body (front and back), and camera lens are free of cracks
The device is not on a banned list","https://image-us.samsung.com/SamsungUS/home/smartphones/galaxy-s24-ultra/gallery-images/FNL_Gallery_Ultra_800x600_Slide_Non_Exclusive_Colors_2.jpg?$product-details-jpg$","Samsung legendry Note smartphone","Victory can be yours with the new Snapdragon 8 Gen 3 for Galaxy. Faster processing gives you the power you need for all the gameplay you want. Then, manifest graphic effects in real time with ray tracing for hyper-realistic shadows and reflections.","https://image-us.samsung.com/SamsungUS/home/smartphones/galaxy-s24-ultra/gallery-images/FNL_Gallery_Ultra_800x600_Slide_Non_Exclusive_Colors_2.jpg?$product-details-jpg$",
"Owala freeship water bottel","https://m.media-amazon.com/images/I/715oyjtlPcL._AC_SX679_.jpg",1500,"owala freeship","water bottle","bottle",0,"[\"https://m.media-amazon.com/images/I/715oyjtlPcL._AC_SX679_.jpg\",\"https://m.media-amazon.com/images/I/715oyjtlPcL._AC_SX679_.jpg\",\"https://m.media-amazon.com/images/I/61rA3Ocd1TL._AC_SX679_.jpg\",\"https://m.media-amazon.com/images/S/aplus-media-library-service-media/1ce2d9cb-6037-484b-9dd9-0ec041178f40.__CR0,0,300,300_PT0_SX220_V1___.jpg\",\"https://m.media-amazon.com/images/S/aplus-media-library-service-media/7505e53c-474f-4695-9d88-2432ee2b535b.__CR0,0,300,300_PT0_SX220_V1___.jpg\",\"https://m.media-amazon.com/images/I/71trxeIOsKL._AC_SX679_.jpg\",\"\"]","About this item
32-ounce insulated stainless-steel water bottle with a FreeSip spout and push-button lid with lock
Patented FreeSip spout designed for either sipping upright through the built-in straw or tilting back to swig from the spout opening",800,"",100,"666de0d0978cbe2422d50fc2","white","","metal","","","","with sipper","Protective push-to-open lid keeps spout clean; convenient carry loop doubles as a lock
Double-wall insulation keeps drinks cold for up to 24 hours; wide opening for cleaning and adding ice","https://m.media-amazon.com/images/I/715oyjtlPcL._AC_SX679_.jpg","drink more water","BPA and phthalate-free; hand wash cup, dishwasher-safe lid; not for use with hot liquids","https://m.media-amazon.com/images/I/61rA3Ocd1TL._AC_SX679_.jpg","keep cool and hot","Patented FreeSip spout designed for either sipping upright through the built-in straw or tilting back to swig from the spout opening
Protective push-to-open lid keeps spout clean; convenient carry loop doubles as a lock","https://m.media-amazon.com/images/I/71trxeIOsKL._AC_SX679_.jpg","1200"
"BOLTFIT CAP","https://m.media-amazon.com/images/I/410PFyWS44L._AC_UL480_FMwebp_QL65_.jpg",700,"boltfit","cap","cap",0,"[\"https://m.media-amazon.com/images/I/410PFyWS44L._SX679_.jpg\",\"https://m.media-amazon.com/images/I/51cK81NOTYL._SX679_.jpg\",\"https://m.media-amazon.com/images/I/61FpNUK-PLL._SX679_.jpg\",\"https://m.media-amazon.com/images/I/71AhykXvS+L._SX679_.jpg\",\"https://m.media-amazon.com/images/I/6187Zym0rsL._SX679_.jpg\"]","Boldfit Head Caps for Men Unisex Mens Caps with Adjustable Strap in Summer for Men Caps Men for All Sports Cap For Girls caps Gym Caps for Men Women Cap Sports Caps for Men with Airholes - Black",499,"cap",100,"66843043a8ee1f21a12b7733","black","","polycotton","","","","supercool fabric","This cap is made of Super comfortable polycotton blend mesh with soft, breathable, lightweight and quick dry, suitable for: Outdoor, fishing, hiking, traveling, mountaineering, camping, running, daily life and so on caps for men and women which can be used.","https://m.media-amazon.com/images/I/51QrXxTEwEL._SL1001_.jpg","unique style","The sports cap for men and women allows you to express unique style. We have designed a trendy look, comfort-fit and logo to help you show up and show off with style. Great for outdoor wear, matching outfits, enjoying sports, and simply living life on the go. These caps also help elevate your style and make it more stylish.","https://m.media-amazon.com/images/I/6187Zym0rsL._SX679_.jpg","super cool fabric","Wearing this cricket cap for men while being exposed to the sun can help you from getting a sunburn and other daily activities such as running, jogging, walking or any other outdoor activities. Our sports cap are easy to carry can be take with you everywhere and will not occupy too much space. This cap can dry out fast after washing. Be sure to grab your cap before you head out.","https://m.media-amazon.com/images/I/410PFyWS44L._SX679_.jpg",
"HP LAPTOP","https://m.media-amazon.com/images/I/71svDE-zMXL._AC_UY327_FMwebp_QL65_.jpg",70000,"laptop","laptop","professional laptop",0,"[\"https://m.media-amazon.com/images/I/71tcUliY1hL._SX679_.jpg\",\"https://m.media-amazon.com/images/I/71m91GT9qiL._SX679_.jpg\",\"https://m.media-amazon.com/images/I/71svDE-zMXL._SX679_.jpg\",\"https://m.media-amazon.com/images/I/81CW4amc0hL._SX679_.jpg\",\"https://m.media-amazon.com/images/I/81CW4amc0hL._SX679_.jpg\"]","HP Laptop 15s, 12th Gen Intel Core i5-1235U, 15.6-inch (39.6 cm), FHD, 16GB DDR4, 512GB SSD, Intel Iris Xe graphics, Backlit KB,MSO,Thin & Light, Dual speakers (Win 11, Silver, 1.69 kg), fq5330TU",55000,"laptop",100,"66846006a8ee1f21a12b7983","silver","","metal","","windows","15.6","processor","【10-core 12th Gen Intel Core i5-1235U】Unleash your productivity with this high-performing processor. With 12 threads and 12MB L3 cache, it's designed for quick, efficient multitasking.","https://m.media-amazon.com/images/I/71tcUliY1hL._SX679_.jpg","Memory and Storege","【Intel Iris Xe graphics】Experience captivating visuals and high-quality performance with integrated Intel Iris Xe graphics. Perfect for creative work and casual gaming.","https://m.media-amazon.com/images/I/81CW4amc0hL._SX679_.jpg","Micro edge display","【Micro-edge display】Enjoy vibrant colors on the 15.6"" Full HD screen. With a resolution of 1920 x 1080 pixels, it delivers crisp, clear visuals for an immersive viewing experience.","https://m.media-amazon.com/images/I/81YsMYs7DnL._SX679_.jpg",
"APPLE LAPTOP","https://m.media-amazon.com/images/I/618d5bS2lUL._AC_UY327_FMwebp_QL65_.jpg",399900,"Apple","laptop","professional laptop",0,"[\"https://m.media-amazon.com/images/I/618d5bS2lUL._SX466_.jpg\",\"https://m.media-amazon.com/images/I/71qArNmCH8L._SX466_.jpg\",\"https://m.media-amazon.com/images/I/715lpOW+5RL._SX466_.jpg\",\"https://m.media-amazon.com/images/I/718n279cEAL._SX466_.jpg\",\"https://m.media-amazon.com/images/I/61mfMh+cEkL._SX466_.jpg\"]","Apple 2023 MacBook Pro (16-inch, M3 Max chip with 16‑core CPU and 40‑core GPU, 48GB Unified Memory, 1TB) - Space Black",379990,"laptop",100,"66856922913b07e50c468090","black","15.6","metal","MacBook Pro","Mac OS","15.6","processor","SUPERCHARGED BY M3 PRO OR M3 MAX — The Apple M3 Pro chip, with a 12-core CPU and 18-core GPU using hardware-accelerated ray tracing, delivers amazing performance for demanding workflows like manipulating gigapixel panoramas or compiling millions of lines of code. M3 Max, with an up to 16-core CPU and up to 40-core GPU, drives extreme performance for the most advanced workflows like rendering intricate 3D content or developing transformer models with billions of parameters.","https://m.media-amazon.com/images/I/7135DkWwJVL._SX466_.jpg","Memory and Storage"," Up to 36GB (M3 Pro) or up to 128GB (M3 Max) of unified memory makes everything you do fast and fluid. Up to 4TB (M3 Pro) or up to 8TB (M3 Max) of superfast SSD storage launches apps and opens files in an instant.","https://m.media-amazon.com/images/I/718n279cEAL._SX466_.jpg","Micro edge display","BRILLIANT PRO DISPLAY — The 41.05 cm (16.2″) Liquid Retina XDR display features Extreme Dynamic Range; 1,000 nits of sustained brightness for stunning HDR content; up to 600 nits of brightness for SDR content; and pro reference modes for doing your best work on the go.","https://m.media-amazon.com/images/G/31/img21/Jupiter_23/Apple_macbook_iMac_Nov23/Macbook_Pro_M3_desk_en-IN_03._CB572594303_.jpg",
"DELL LAPTOP","https://m.media-amazon.com/images/I/51zY-mOR7kL._AC_UY327_FMwebp_QL65_.jpg",196093,"Dell","laptop","professional laptop",0,"[\"https://m.media-amazon.com/images/I/51zY-mOR7kL._SX679_.jpg\",\"https://m.media-amazon.com/images/I/61YvpeFp6ZL._SX679_.jpg\",\"https://m.media-amazon.com/images/I/61Aoa26MZ4L._SX679_.jpg\",\"https://m.media-amazon.com/images/I/51ZnWtK4oPL._SX679_.jpg\",\"https://m.media-amazon.com/images/I/610y1Bnxa4L._SX679_.jpg\"]","Dell XPS 13 9340 Laptop, AI Enabled Processor Intel Core Ultra 7 155H, 16GB + 512Gb SSD, 13.4"" (34.03cm) FHD+ 500 nits Display, Backlit KB + FPR, Win 11 + MSO'21 & 15 Month McAfee, Platinum, 1.19kg",167356,"laptop",100,"66856f14913b07e50c4681d8","silver","13.4","platinum","XPS","Windows 11 Home","13.4"" FHD+ 30-120Hz AG InfinityEdge 500","processor","New Intel Core Ultra 7 155H (up to 4.80 GHz, 16 Cores, 24MB Cache)
RAM: 16GB, LPDDR5X, 7467MT/s // Storage: 512GB SSD","https://m.media-amazon.com/images/I/61Rw5xH+1qL._SX679_.jpg","Software","Software: Pre-Loaded Windows 11 Home with Lifetime Validity | MS Office Home and Student 2021 with lifetime validity| McAfee Multi Device Security 15-month subscription","https://m.media-amazon.com/images/I/51zY-mOR7kL._SX679_.jpg","Keyboard","Backlit Keyboard + Fingerprint Reader // Warranty: 1 Year Premium Support and Onsite Service","https://m.media-amazon.com/images/I/5178NpyWnoL._SX679_.jpg",
"LENOVO LAPTOP","https://m.media-amazon.com/images/I/81g6AgbeMIL._AC_UY327_FMwebp_QL65_.jpg",167890,"lenevo","laptop","professional laptop",0,"[\"https://m.media-amazon.com/images/I/81g6AgbeMIL._SX679_.jpg\",\"https://m.media-amazon.com/images/I/71SubcMEwUL._SX679_.jpg\",\"https://m.media-amazon.com/images/I/71NleeFNuBL._SX679_.jpg\",\"https://m.media-amazon.com/images/I/71i8oIH01lL._SX679_.jpg\",\"https://m.media-amazon.com/images/I/71P4ERocsVL._SX679_.jpg\"]","Lenovo IdeaPad Pro 5 Intel Core Ultra 7 155H Built-in AI 16"" (40.6cm) 2K OLED 400Nits 120Hz Laptop (16GB/1TB SSD/NVIDIA RTX 3050 6GB/Win11/MSO 21/FHD+IR Camera/3Mon GamePass/Grey/1.9Kg), 83D4002NIN",123990,"laptop",100,"66857454913b07e50c4682a6","Arctic Grey","13.4","metal","XPS","Windows 11 Home","16 Inches","processor","AI Enabled PC | Processor: Intel Core Ultra 7 155H | 16C (6P + 8E + 2LPE) / 22T, Max Turbo up to 4.8Ghz | 16 Cores | 22 Threads | Cache: 24MB  Pre-Loaded Windows 11 Home with Lifetime Validity | MS Office Home and Student 2021 |Flip to Start | Xbox GamePass Ultimate 3-month subscription","https://m.media-amazon.com/images/I/71VxLdOMWzL._SX679_.jpg","Battery Life","Battery Life: 84Wh Battery | 5 Hours | Adaptive Performance with Smart Power| Rapid Charge (2 hours of runtime with a 15-minute charge) | Intelligent Power and Cooling with Smart Power |Enhanced Thermal Performance","https://m.media-amazon.com/images/I/71i8oIH01lL._SX679_.jpg","Mil. Grade ","MIL-STD-810H Qualified Design| Qualified for various Mil. Specification Tests like Low & High Temp (-25 to 63°C for 4 hrs)| Temp Shock (-25 to 63°C one way temp Shock)| Shock (122cm+ Drop Test)| Vibration (4-32Hz over 2 hrs)","https://m.media-amazon.com/images/I/71P4ERocsVL._SX679_.jpg",
"WANDERLOOMS CAP","https://m.media-amazon.com/images/I/71NpWFOAKAL._SX679_.jpg",800,"wanderlooms","cap","cap for girls",0,"[\"https://m.media-amazon.com/images/I/71xs-4rQ7pL._SX679_.jpg\",\"https://m.media-amazon.com/images/I/718x5d164bL._SX679_.jpg\",\"https://m.media-amazon.com/images/I/81W1oBzcsCL._SX679_.jpg\",\"https://m.media-amazon.com/images/I/71xs-4rQ7pL._SX679_.jpg\",\"https://m.media-amazon.com/images/I/71NpWFOAKAL._SX679_.jpg\"]","WANDERLOOMS Caps for Men & Women Unisex Soft Cotton Adjustable Strip Cap Quick Drying Sun Hat Protection Summer for All Sports Cap for Girls Gym",1000,"cap",100,"6686e23deda8f88cd5301cc6","cream","","cotton","","","","unique style","Unique Style: The sports caps for men and women allow you to express your unique style. We have designed them with a trendy look, comfort fit, and logo to help you stand out with style. They are perfect for outdoor wear, matching outfits, enjoying sports, and simply living life on the go. These caps also help enhance your style and add a touch of elegance.","https://m.media-amazon.com/images/S/aplus-media-library-service-media/0397e283-9edd-4db8-84b6-9a2b8b708ef9.__CR0,0,1940,1200_PT0_SX970_V1___.jpg","elevet your stayle","Unique Style: The sports caps for men and women allow you to express your unique style. We have designed them with a trendy look, comfort fit, and logo to help you stand out with style. They are perfect for outdoor wear, matching outfits, enjoying sports, and simply living life on the go. These caps also help enhance your style and add a touch of elegance.","https://m.media-amazon.com/images/S/aplus-media-library-service-media/0397e283-9edd-4db8-84b6-9a2b8b708ef9.__CR0,0,1940,1200_PT0_SX970_V1___.jpg","ONE SIZE FITS MOST","Fit is an essential aspect of comfort in every outfit. That's why we've designed this snapback hat with an adjustable closure, ensuring a snug fit whenever you wear it. These caps can be used by both men and women for gifting purposes, gyming, outdoor activities, parties, and more.","https://m.media-amazon.com/images/S/aplus-media-library-service-media/016807f4-2ca3-47f3-bcef-07eb3403b1c1.__CR0,0,1940,1200_PT0_SX970_V1___.jpg",
"RED TAPE SHOES
","https://m.media-amazon.com/images/I/61wKonFdAaL._AC_UL480_FMwebp_QL65_.jpg",2500,"red tape","shoes","casual shoes",0,"[\"https://m.media-amazon.com/images/S/aplus-media-library-service-media/21dcbd86-81bc-42f4-92a2-95fdca1d7c52.__CR0,0,970,600_PT0_SX970_V1___.jpg\",\"https://m.media-amazon.com/images/I/81tuP7BKhtL._SY695_.jpg\",\"https://m.media-amazon.com/images/I/71KO-K1xtTL._SY695_.jpg\",\"https://m.media-amazon.com/images/I/61FhEGsNMXL._SY695_.jpg\",\"https://m.media-amazon.com/images/I/61qV+8vXQ4L._SY695_.jpg\"]","Red Tape Casual Sneaker Shoes for Men | Elegantly Rounded Front, Soothing Insole & Impact-Resistant Comfort",1900,"shoes",100,"6686ed20eda8f88cd5301e1c","white","8","Pu +textile","","","","features","Material: Sole -TPR+TPU | Upper - PU+Textile | Insole material - Memory foam
These low-cut casual sneaker shoes are a perfect fit and are made up of a memory foam insole. The TPR+TPU sole material and round-toe shape give the perfect classy vibes.","https://m.media-amazon.com/images/S/aplus-media-library-service-media/27420e04-3a21-4848-aaf1-f4d64bbd7bbb.__CR0,0,970,600_PT0_SX970_V1___.jpg","sole material","Benefits: A must-have pair because of the elegance and style it offers, a low-cut pattern with a TPR+TPU sole material for a smooth and classy finish.","https://m.media-amazon.com/images/S/aplus-media-library-service-media/4611b0d1-4ee7-4f5b-9450-2c58659f9f51.__CR0,0,970,600_PT0_SX970_V1___.jpg","SHOE QUALITY.","Fit is an essential aspect of comfort in every outfit. That's why we've designed this snapback hat with an adjustable closure, ensuring a snug fit whenever you wear it. These caps can be used by both men and women for gifting purposes, gyming, outdoor activities, parties, and more.","https://m.media-amazon.com/images/S/aplus-media-library-service-media/21dcbd86-81bc-42f4-92a2-95fdca1d7c52.__CR0,0,970,600_PT0_SX970_V1___.jpg",
"BACCA BUCCI SHOES","https://m.media-amazon.com/images/I/71bR9W8vyvL._AC_UL480_FMwebp_QL65_.jpg",2600,"bacca bucci","shoes","sports shoes",0,"[\"https://m.media-amazon.com/images/I/71bR9W8vyvL._SY695_.jpg\",\"https://m.media-amazon.com/images/I/71zPymXdY+L._SY695_.jpg\",\"https://m.media-amazon.com/images/I/71aQSc+HofL._SY695_.jpg\",\"https://m.media-amazon.com/images/I/81q1qSlufbL._SY695_.jpg\",\"https://m.media-amazon.com/images/I/71cHNZ54jUL._SY695_.jpg\"]","Bacca Bucci INTENSITY with Breathable Engineered fishnet Upper and TPU Rebounce outsole for daily Training Gyming and Running",3000,"shoes",100,"6686f7dceda8f88cd5301ee3","Neon and white","8","Thermoplastic Polyurethane","","","","optimal comfort","The breathable engineered fishnet upper ensures optimal airflow, keeping your feet cool and comfortable during intense training sessions.","https://m.media-amazon.com/images/I/81knRMI4yPL._SY695_.jpg","energy return","The lightweight construction of Bacca Bucci INTENSITY shoes allows for unrestricted movement, giving you the freedom to excel in your workouts without feeling weighed down.","https://m.media-amazon.com/images/I/71cHNZ54jUL._SY695_.jpg","energy return","Not only do Bacca Bucci INTENSITY shoes prioritize performance, but they also exude style and confidence. With their sleek and modern design, they effortlessly complement your athletic apparel, making a statement wherever you go.","https://m.media-amazon.com/images/I/81q1qSlufbL._SY695_.jpg",
"APPLE WATCH SE","https://m.media-amazon.com/images/I/61rTufzD1zL._AC_UY327_FMwebp_QL65_.jpg",40000,"Apple","smartwatch","sports band",0,"[\"https://m.media-amazon.com/images/I/61rTufzD1zL._SX679_.jpg\",\"https://m.media-amazon.com/images/I/81sHwlOh+EL._SX679_.jpg\",\"https://m.media-amazon.com/images/I/71p2TMZBlCL._SX679_.jpg\",\"https://m.media-amazon.com/images/I/71LFs6FLcEL._SX679_.jpg\",\"https://m.media-amazon.com/images/I/61s13Hdxr9L._SX679_.jpg\"]","Apple Watch SE (2nd Gen, 2023) [GPS 40mm] Smartwatch with Midnight Aluminum Case with Midnight Sport Band S/M. Fitness & Sleep Tracker, Crash Detection, Heart Rate Monitor, Retina Display",27999,"smartwatch",100,"6686fc43eda8f88cd5301f5f","Aluminium","40mm S/M - fits 130–180mm wrists","plastic and metal","","watch os","","why apple watch SE","All the essentials to help you be motivated and active, keep connected, track your health, and stay safe. The Smart Stack and redesigned apps in watchOS 10 help you see more information at a glance. With features like Crash Detection and enhanced workout metrics, Apple Watch SE is a better value than ever.","https://m.media-amazon.com/images/G/31/img21/Apple_series9/SE_LTE_Amazon_Desktop_1500_IN_01._CB578166976_.jpg","HEALTH AND SAFETY FEATURES","et help when you need it with Fall Detection, Crash Detection, and Emergency SOS. Get deep insights into your health, including notifications if you have an irregular heart rhythm or an unusually high or low heart rate.","https://m.media-amazon.com/images/G/31/img21/Apple_series9/SE_LTE_Amazon_Desktop_1500_IN_03._CB578166976_.jpg","simply compatible","It works seamlessly with your Apple devices and services. Unlock your Mac automatically. Find your devices easily. Apple Watch SE requires iPhone XS or later with iOS 17 or later.","https://m.media-amazon.com/images/G/31/img21/Apple_series9/SE_LTE_Amazon_Desktop_1500_IN_04._CB578166976_.jpg",
"APPLE  IPHONE15 1TB","https://m.media-amazon.com/images/I/81qlME2wWmL._AC_UY327_FMwebp_QL65_.jpg",140000,"Apple","smartphone","iphone",0,"[\"https://m.media-amazon.com/images/I/81qlME2wWmL._SX679_.jpg\",\"https://m.media-amazon.com/images/I/51aXLMPCGxL._SX679_.jpg\",\"https://m.media-amazon.com/images/I/71g7dxYXiOL._SX679_.jpg\",\"https://m.media-amazon.com/images/I/61u1FeunfPL._SX679_.jpg\",\"https://m.media-amazon.com/images/I/81MDZsYTIoL._SX679_.jpg\"]","Apple iPhone 15 Pro (1 TB) - White Titanium",175300,"smartphone",100,"6687ff36e59dc58ce30789d5","white titanium","6.1 Inches","metal","iphone15","ios","super amoled","Forged in titanium"," iPhone 15 Pro has a strong and light aerospace-grade titanium design with a textured matte-glass back. It also features a Ceramic Shield front that’s tougher than any smartphone glass. And it’s splash, water, and dust resistant.","https://m.media-amazon.com/images/G/31/img21/Wireless/Madhav/september/Apple/River15pro/R1AEBB1._CB575355692_.jpg","advance display","The 6.1” Super Retina XDR display with ProMotion ramps up refresh rates to 120Hz when you need exceptional graphics performance. Dynamic Island bubbles up alerts and Live Notifications. Plus, with Always-On display, your Lock Screen stays glanceable, so you don’t have to tap it to stay in the know.","https://m.media-amazon.com/images/G/31/img21/Wireless/Madhav/september/Apple/River15pro/R1809_4._CB575355692_.jpg","simply compatible"," A Pro-class GPU makes mobile games feel so immersive, with rich environments and realistic characters. A17 Pro is also incredibly efficient and helps to deliver amazing all-day battery life.
POWERFUL PRO CAMERA SYSTEM — Get incredible framing flexibility with 7 pro lenses. Capture super high-resolution photos with more color and detail using the 48MP Main camera. And take sharper close-ups from farther away.","https://m.media-amazon.com/images/G/31/img21/Wireless/Madhav/september/Apple/River15pro/R1809_3._CB575355692_.jpg",
"URBAN JUNGLE BACKPACK","https://m.media-amazon.com/images/I/51fzvylFuFL._SX679_.jpg",3999,"URBAN JUNGLE","Backpack","backpack",0,"[]","Urban Jungle Metro Roll-Top Backpack 13.5 Liters Water Resistant, Top-Open, Padded, Premium Polyurethane Laptop Backpack",3500,"backpack",100,"668809c1e59dc58ce3078ba8","black","11.5 x 30 x 42 Centimeters","Premium Polyurethane","","","","Premium craftmanship","Crafted from premium, lightweight polyurethane fabric, this black backpack offers exceptional durability and water resistance, ensuring your backpack always paints a pretty picture. The differentiated top-opening with a sturdy G-hook closure allows ample space and adjustable volume.","https://m.media-amazon.com/images/S/aplus-media-library-service-media/daa80303-f10b-4910-8d27-65bb89fbba58.__CR0,0,970,600_PT0_SX970_V1___.jpg","Laptop protection","The internal organizer and the easy access front pocket are your solution to clutter-free transport of your belongings, making everything easy to find and within reach.
Uncompromising Comfort: Experience the ultimate in comfort with superior cushioned padding in both the sleeve and back of the backpack, designed to ease the load and make every journey burden-free.","https://m.media-amazon.com/images/S/aplus-media-library-service-media/010d8790-2571-4a35-b495-124882dc3cf3.__CR0,0,1500,1500_PT0_SX220_V1___.jpg","12 month international warranty","Maintenance is straightforward-simply wipe to clean. Coupled with a 12-month international warranty, this backpack stands as a testament to Urban Jungle's commitment to quality, offering peace of mind with every adventure. Dimensions: 42cm x 30cm x 11.5cm","https://m.media-amazon.com/images/S/aplus-media-library-service-media/17cd6063-0185-439c-a98c-f300f76b8471.__CR0,0,970,600_PT0_SX970_V1___.jpg",
"","https://m.media-amazon.com/images/I/41p7Iq8lLyL._AC_UY327_FMwebp_QL65_.jpg",2000,"FUR JADEN","Backpack","backpack",0,"[\"https://m.media-amazon.com/images/I/41p7Iq8lLyL.jpg\",\"https://m.media-amazon.com/images/I/81CPBnZDjaL._SX679_.jpg\",\"https://m.media-amazon.com/images/I/81hx3qqErSL._SX679_.jpg\",\"https://m.media-amazon.com/images/I/619XQDQjCwL._SX679_.jpg\",\"https://m.media-amazon.com/images/I/61tEX0MxcwL._SX679_.jpg\"]","FUR JADEN 40L Weekender Travel Laptop Backpack with Anti Theft Pocket, Organizer, 15.6 Inch Padded Laptop Sleeve and Dual Handles",1149,"backpack",100,"668812a807b0cd44c3c23b3c","black","30 x 25 x 50 cm","Premium Polyurethane","","","","Premium craftmanship","Crafted from premium, lightweight polyurethane fabric, this black backpack offers exceptional durability and water resistance, ensuring your backpack always paints a pretty picture. The differentiated top-opening with a sturdy G-hook closure allows ample space and adjustable volume.","https://m.media-amazon.com/images/I/41p7Iq8lLyL.jpg","Laptop protection","The internal organizer and the easy access front pocket are your solution to clutter-free transport of your belongings, making everything easy to find and within reach.
Uncompromising Comfort: Experience the ultimate in comfort with superior cushioned padding in both the sleeve and back of the backpack, designed to ease the load and make every journey burden-free.","https://m.media-amazon.com/images/I/81hx3qqErSL._SX679_.jpg","12 month international warranty","Maintenance is straightforward-simply wipe to clean. Coupled with a 12-month international warranty, this backpack stands as a testament to Urban Jungle's commitment to quality, offering peace of mind with every adventure. Dimensions: 42cm x 30cm x 11.5cm","https://m.media-amazon.com/images/I/71RGuwPh2QL._SX679_.jpg",
"","https://m.media-amazon.com/images/I/61UnBdX9z8L._AC_UY327_FMwebp_QL65_.jpg",10900,"NOISE","smartwatch","smartwatch",0,"[\"https://m.media-amazon.com/images/I/61UnBdX9z8L._SX679_.jpg\",\"https://m.media-amazon.com/images/I/71BQEWuftBL._SX679_.jpg\",\"https://m.media-amazon.com/images/I/71VKLTx7lgL._SX679_.jpg\",\"https://m.media-amazon.com/images/I/719WU50Fc4L._SX679_.jpg\",\"https://m.media-amazon.com/images/I/6175NQ0Of8L._SX679_.jpg\"]","Noise Newly Launched ColorFit Pro 5 Max 1.96"" AMOLED Display Smart Watch, BT Calling, Post Training Workout Analysis, VO2 Max, Rapid Health, 5X Faster Data Transfer - Elite Black",4599,"backpack",100,"668815c307b0cd44c3c23bc2","black","","","","Android & iOS","","1.96” AMOLED Display","See everything in max clarity with a view that delivers sheer brilliance and impact.","https://m.media-amazon.com/images/S/aplus-media-library-service-media/e8e32349-31af-4232-9b95-7f82c8ed8b79.__CR0,0,1464,600_PT0_SX1464_V1___.png","100 sports mode","BT calling powered by Tru SyncTM: Stay connected on the go, without lags and battery woes bothering you.
Noise Health SuiteTM: Know your health stats and take the right steps to improve them with a packed health suite","https://m.media-amazon.com/images/I/61ucmzhriML._SX679_.jpg","Activity Tracker, Calorie Tracker","Maintenance is straightforward-simply wipe to clean. Coupled with a 12-month international warranty, this backpack stands as a testament to Urban Jungle's commitment to quality, offering peace of mind with every adventure. Dimensions: 42cm x 30cm x 11.5cm","https://m.media-amazon.com/images/I/6175NQ0Of8L._SX679_.jpg",
"WATER BOTTLE COPPER","https://m.media-amazon.com/images/I/71cRT-d2YCL._AC_UL480_FMwebp_QL65_.jpg",1849,"MERCAPE","water bottle","water bottle",0,"[\"https://m.media-amazon.com/images/I/71cRT-d2YCL._SX679_.jpg\",\"https://m.media-amazon.com/images/I/81Aq-V-8xnL._SX679_.jpg\",\"https://m.media-amazon.com/images/I/71AM5X6adIL._SX679_.jpg\",\"https://m.media-amazon.com/images/I/81hXudDqDJL._SX679_.jpg\",\"https://m.media-amazon.com/images/I/71CmWY5gi5L._SX679_.jpg\"]","MERCAPE® - 100% Pure Meena Print Copper Water Bottle | Leak Proof, Durable & Rust Proof | Non-Toxic & BPA Free Bottles | Eco Friendly Water Bottle (900 ml) (Pack of 1)",879,"water bottle",100,"6688188a07b0cd44c3c23c3a","black","","copper","","","","Benefits","Ability to balance all the three doshas in your body, (vata, kapha and pitta) and it keels the germs in the water. So you water will be pure and germ free. Drinking water in this Saksham pure copper bottle1 litre (900 ml) helps to preventing Amoebiasis, Diarrhea, Cholera, Jaundice and Other Water Borne Diseases.","https://m.media-amazon.com/images/I/71AM5X6adIL._SX679_.jpg","Problem","Enhanced phone call performance and call handling from either earbud
With fast Fuel, a 5-minute charge gives 1.5 hours of playback when battery is low
What's in the box: Powerbeats Pro totally wireless earphones, charging case, ear tips with four size options, Lightning to USB-A charging cable, Quick Start guide, warranty card","https://m.media-amazon.com/images/I/81Aq-V-8xnL._SX679_.jpg","NOICE","Enhanced phone call performance and call handling from either earbud
With fast Fuel, a 5-minute charge gives 1.5 hours of playback when battery is low","https://m.media-amazon.com/images/I/71CmWY5gi5L._SX679_.jpg",
"POWERBEATS EARBUDS","https://m.media-amazon.com/images/I/51NjdmOqOtL._AC_UY327_FMwebp_QL65_.jpg",35000,"Powerbeats","Earbuds","Earbuds",0,"[\"https://m.media-amazon.com/images/I/61yKNXIjxQL._SX522_.jpg\",\"https://m.media-amazon.com/images/I/51U8Dog10JL._SX522_.jpg\",\"https://m.media-amazon.com/images/I/51U8Dog10JL._SX522_.jpg\",\"https://m.media-amazon.com/images/I/61SpiJvwg3L._SX522_.jpg\",\"https://m.media-amazon.com/images/I/61oqaAxX6lL._SX522_.jpg\"]","Powerbeats Pro Bluetooth Wireless In Ear Earphones with Mic (Navy Blue)",28000,"Earbuds",100,"66881dbb07b0cd44c3c23d20","black","","","","",""," high performance earphones","Totally wireless high-performance earphones
Up to 9 hours of listening time (more than 24 hours with charging case)
Adjustable, secure-fit ear hooks for lightweight comfort and stability
Reinforced design for sweat & water resistance during tough workouts or running","https://m.media-amazon.com/images/G/31/img19/Audio/Beats/A_Plus/PowerbeatsPro/_PowerbeatsPro._CB448831734_.jpg","features","Adjustable, secure-fit ear hooks for lightweight comfort and stability
Reinforced design for sweat & water resistance during tough workouts or running
Volume & track controls on each earbud, microphones with voice capability, and auto play/pause","https://m.media-amazon.com/images/I/61lo415XtsL._SX679_.jpg","elegance","Features the Apple H1 Headphone Chip and Class 1 Bluetooth for extended range and fewer dropouts
Compatible with iOS and Android
Enhanced phone call performance and call handling from either earbud","https://m.media-amazon.com/images/G/31/img19/Audio/Beats/A_Plus/PowerbeatsPro/_PowerbeatsPro._CB448831734_.jpg",
"IMPULSE BACKPACK","https://m.media-amazon.com/images/I/61Kid06KFsL._AC_UL480_FMwebp_QL65_.jpg",3500,"travelbag","Bag","bag",0,"[\"https://m.media-amazon.com/images/I/61Kid06KFsL._SY741_.jpg\",\"https://m.media-amazon.com/images/I/714UaKFrF5L._SX679_.jpg\",\"https://m.media-amazon.com/images/I/81f9IqlczHL._SX679_.jpg\",\"https://m.media-amazon.com/images/I/71CUpBHPGtL._SX679_.jpg\",\"https://m.media-amazon.com/images/I/81dLKfpN35L._SX679_.jpg\"]","Impulse rucksack bags 75 litres travel bag for men tourist bag for travel backpack for hiking trekking Bag for men camping thames bag with 1 Year Warranty",2500,"travel bag",100,"6688279d07b0cd44c3c23f30","green","","","","","","hiking technology","The hiking traveling bag is 75 Liters, which means it has large space thrice normal requirement of a backpack. This backpack bag comes with a convenient inside the main compartment. And has a powerful suspension system that can transport more items. The rain cover is made of polyester material, which can prevent water from immersing in the bag","https://m.media-amazon.com/images/I/81vTEm6XKkL._SX679_.jpg","features","This Hiking bag has Widened and Thickened S-shaped shoulder pad conforms to the ergonomic design, which can minimize the shoulder pressure; the rich sponge padding has high elasticity, which greatly improves the shock resistance of the backpack during hiking, The breathable back support ensures a good air circulation; the chest strap and safety belt can be adjusted according to needs to ensure the comfort.","https://m.media-amazon.com/images/I/71CUpBHPGtL._SX679_.jpg","high quality","It is ideal for hiking, trekking, skiing, traveling, camping and other outdoor activities. The internal layout of the backpack is clear , More convenient for classification. Suitable for men and women of all ages.","https://m.media-amazon.com/images/I/714UaKFrF5L._SX679_.jpg",
"FASTRACK WATCH FOR MEN","https://m.media-amazon.com/images/I/51bzah11WpL._SX679_.jpg",1800,"fastrack","watch","",0,"[\"https://m.media-amazon.com/images/I/51EiXZQZcJL._SX679_.jpg\",\"https://m.media-amazon.com/images/I/51MKLD7KR4L._SX679_.jpg\",\"https://m.media-amazon.com/images/I/41cdq7I894L._SX679_.jpg\",\"https://m.media-amazon.com/images/S/aplus-media/sota/88482e17-806c-4b8f-9569-dd328d74f4d7.__CR0,0,300,300_PT0_SX300_V1___.jpg\",\"https://m.media-amazon.com/images/S/aplus-media/sota/a2dc814b-d34c-4001-9bd8-57221316da9a.__CR0,0,300,300_PT0_SX300_V1___.png\"]","Fastrack Black Dial Silver Band Analog Stainless Steel Watch For Men -NR38051SM07",1499,"watch",100,"66884433cfd4c164f527610c","silver","","metal","","","","analog watch","Quartz Analog Watch: This watch comes with Quartz Analog Movement and a durable battery. It is designed to enhance your looks and goes well with formal and casual outfits","https://m.media-amazon.com/images/S/aplus-media/sota/a2dc814b-d34c-4001-9bd8-57221316da9a.__CR0,0,300,300_PT0_SX300_V1___.png","water resistant","Water Resistant: Built with premium quality machinery, the watch has a water resistance of up to 50 meters.","https://m.media-amazon.com/images/S/aplus-media/sota/88482e17-806c-4b8f-9569-dd328d74f4d7.__CR0,0,300,300_PT0_SX300_V1___.jpg","Fastrack Bold Analog Black Dial Men's Watch","Make an unforgettable statement every time you wear this classy watch that is a part of the Bold collection by Fastrack. A striking black dial is enclosed in a metallic round dial and protected by mineral glass and a case with an impressive thickness of 11.7 mm. The watch displays time with contrast white baton indices placed at 5-minute intervals. The 6th and the 12 hour marker positions indicate time in 24-hours and also minutes with a combination of opaque and faded Arabic numerals. Two white hands and an orange second hand allow you to read the time easily. A stainless steel oyster strap secures the watch on your wrist with a deployment clasp. You've got to love it !","https://m.media-amazon.com/images/I/618KQjNn-uL._SX679_.jpg",
"SAMSUN LED TV","https://m.media-amazon.com/images/I/91mRUNnqqnL._SX522_.jpg",62000,"samsung","led tv","tv",0,"[\"https://m.media-amazon.com/images/I/91mRUNnqqnL._SX522_.jpg\",\"https://m.media-amazon.com/images/I/81tvM0c7cpL._SX522_.jpg\",\"https://m.media-amazon.com/images/I/81nyrPejNuL._SX522_.jpg\",\"https://m.media-amazon.com/images/I/61ssPHyQelL._SX522_.jpg\",\"https://m.media-amazon.com/images/I/81wG513TyFL._SX522_.jpg\"]","Samsung 108 cm (43 inches) Full HD Smart LED TV UA43T5450AKXXL (Black)",55000,"led tv",100,"6688473dcfd4c164f5276142","black","43 Inches","plastic","UA43T5450AKXXL","","1080 resolution ","Purcolor","PurColor makes watching videos feel almost like you're there. It enables the TV to express a huge range of colors for optimal picture performance, and an immersive viewing experience","https://m.media-amazon.com/images/S/aplus-media-library-service-media/fb890afa-0500-45fa-ae52-dce527af334f.__CR0,0,2000,2000_PT0_SX300_V1___.jpg","stunning detail","High-Dynamic Range levels up bright expression of your TV, so you can enjoy an immense spectrum of colors and visual details, even in dark scenes","https://m.media-amazon.com/images/S/aplus-media-library-service-media/27139a17-acc1-4d7f-b6b4-58b34157e85e.__CR0,0,2000,2000_PT0_SX300_V1___.jpg","free tv ,no string","Free TV, no strings attached
Enjoy free live-streaming TV content with our virtual channels. Just tune in and find out.\

*Content services may vary by region and are subject to change without notification.","https://m.media-amazon.com/images/S/aplus-media-library-service-media/87d1ef9b-8b0a-4a90-996c-b60e445047fd.__CR0,0,970,600_PT0_SX970_V1___.jpg",
"APPLE IPAD PRO","https://m.media-amazon.com/images/I/81S05k6p0xL._SX679_.jpg",201000,"apple","tablet","tablet",0,"[\"https://m.media-amazon.com/images/I/81S05k6p0xL._SX679_.jpg\",\"https://m.media-amazon.com/images/I/71ATj4BMbCL._SX679_.jpg\",\"https://m.media-amazon.com/images/I/91qLD9hZWkL._SX679_.jpg\",\"https://m.media-amazon.com/images/I/911AokjmKkL._SX679_.jpg\",\"https://m.media-amazon.com/images/I/71EquvoTcIL._SX679_.jpg\"]","Apple iPad Pro 11″ (4th generation): with M2 chip, Liquid Retina display, 2TB, Wi-Fi 6E + 5G cellular, 12MP front/12MP and 10MP back cameras, Face ID, all-day battery life – Silver",200499,"tablet",100,"66884b17cfd4c164f52761a0","silver","11 Inches","metal body","iPad Pro","","1080 resolution ","why ipad pro","iPad Pro is the ultimate iPad experience, with the astonishing performance of the M2 chip, superfast Wi-Fi and 5G, and next-generation Apple Pencil experience. Plus powerful productivity features in iPadOS.","https://m.media-amazon.com/images/G/31/img22/Tablets/Ipad_pro_6gen/r1604_r1605_Product_Page_Flex_Module_Avail_Amazon_Desktop__en-IN_01._CB605157966_.jpg","stunning detail","iPadOS makes iPad more productive, intuitive and versatile. With iPadOS, run multiple apps at once, use Apple Pencil to write in any text field with Scribble, and edit and share photos. Stage Manager makes multitasking easy with resizable, overlapping apps and external display support. iPad Pro comes with essential apps like Safari, Messages and Keynote, with over a million more apps available on the App Store.","https://m.media-amazon.com/images/G/31/img22/Tablets/Ipad_pro_6gen/r1604_r1605_Product_Page_Flex_Module_Avail_Amazon_Desktop__en-IN_03._CB605157966_.jpg","performance and storage","he 8-core CPU in the M2 chip delivers powerful performance, while the 10‑core GPU provides blazing-fast graphics. Add all-day battery life, and you can do everything you can imagine on iPad Pro. Up to 2 terabytes of storage means you can store everything from apps to large files like 4K video.","https://m.media-amazon.com/images/G/31/img22/Tablets/Ipad_pro_6gen/r1604_r1605_Product_Page_Flex_Module_Avail_Amazon_Desktop__en-IN_04._CB605157966_.jpg",